{"ratio": [], "shift": [["APPARTIENT A,ARTICLE", 0], ["APPARTIENT A,PRODUITS", 0], ["APPARTIENT A,CATEGORIES", 0], ["VENDU PAR,SELLER", 0], ["VENDU PAR,ARTICLE", 0]], "colors": [["annotation_color", "#762a83"], ["annotation_text_color", "#f7f7f7"], ["association_attribute_text_color", "#000000"], ["association_cartouche_color", "#c2a5cf"], ["association_cartouche_text_color", "#000000"], ["association_color", "#e7d4e8"], ["association_stroke_color", "#9970ab"], ["background_color", "#f7f7f7"], ["card_text_color", "#1b7837"], ["entity_attribute_text_color", "#000000"], ["entity_cartouche_color", "#a6dba0"], ["entity_cartouche_text_color", "#000000"], ["entity_color", "#d9f0d3"], ["entity_stroke_color", "#5aae61"], ["leg_stroke_color", "#9970ab"], ["transparent_color", "none"]], "cy": [["SELLER", 43], ["APPARTIENT A", 43], ["PRODUITS", 43], ["VENDU PAR", 144], ["ARTICLE", 144], ["CATEGORIES", 144]], "cx": [["SELLER", 52], ["APPARTIENT A", 175], ["PRODUITS", 305], ["VENDU PAR", 52], ["ARTICLE", 175], ["CATEGORIES", 305]], "size": [368, 204]}